metric,value
control_rate,0.3991795519091196
test_rate,0.3907222914072229
difference,-0.008457260501896657
p_value,0.3962461947800452
ci_low,-0.02799525322643738
ci_high,0.011080732222644066
